locale,code,name
de,505,Elektromegnatische Feldtheorie
de,509,Operationsverstärker
de,510,Antennentechnik
de,600,Antonomie
de,602,Pläne und Spezifikationen
fr,505,Théorie des champs électromégnatiques
fr,509,Amplificateurs opérationnels
fr,510,Ingénierie des Antennes
fr,600,Antonie
fr,602,Plans et espèces
hi,505,इलेक्ट्रो मैग्नेटिक फील्ड सिद्धांत
hi,509,ऑपरेशनल एम्प्लीफायर्स
hi,510,एंटीना इंजीनियरिंग
hi,600,एंटोनॉमी
hi,602,योजनाएं और विशिष्टताएं